{"Left": {"FStraight": [0, 1, 0, 0, 0], "FUp": [0, 1, 0, 0, 0], "FClose": [0, 0, 0, 0], "TClose": [0, 0, 0, 0], "FDirection": [[5.375117808580399, -9.055236307904124, -1.5031843446195126], [-0.8503671735525131, -7.541118375957012, -4.165707714855671]]}, "tag": "mouse"}
